{"cameraMode":{"drawMode":0,"name":"Shaded","section":"Shading Mode"},"sceneLighting":true,"audioPlay":false,"sceneViewState":{"m_AlwaysRefresh":false,"showFog":true,"showSkybox":true,"showFlares":true,"showImageEffects":true,"showParticleSystems":true,"showVisualEffectGraphs":true,"m_FxEnabled":true},"in2DMode":false,"pivot":{"x":42.998165130615237,"y":2.5003769397735597,"z":-8.665108680725098},"rotation":{"x":-0.04034557566046715,"y":0.15793953835964204,"z":0.0019365299958735705,"w":0.98589688539505},"size":0.8660253882408142,"orthographic":false}