{"cameraMode":{"drawMode":0,"name":"Shaded","section":"Shading Mode"},"sceneLighting":true,"audioPlay":false,"sceneViewState":{"m_AlwaysRefresh":false,"showFog":true,"showSkybox":true,"showFlares":true,"showImageEffects":true,"showParticleSystems":true,"showVisualEffectGraphs":true,"m_FxEnabled":true},"in2DMode":false,"pivot":{"x":7.389564514160156,"y":187.32046508789063,"z":1647.4937744140625},"rotation":{"x":-0.05056734383106232,"y":0.7801481485366821,"z":0.022544773295521737,"w":0.6216196417808533},"size":25.98077964782715,"orthographic":false}